PRAGMA foreign_keys=OFF;
BEGIN TRANSACTION;
CREATE TABLE IF NOT EXISTS "migrations" ("id" integer primary key autoincrement not null, "migration" varchar not null, "batch" integer not null);
INSERT INTO migrations VALUES(1,'0001_01_01_000000_create_users_table',1);
INSERT INTO migrations VALUES(2,'0001_01_01_000001_create_cache_table',1);
INSERT INTO migrations VALUES(3,'0001_01_01_000002_create_jobs_table',1);
INSERT INTO migrations VALUES(4,'2026_03_04_000003_add_role_to_users_table',1);
INSERT INTO migrations VALUES(5,'2026_03_05_081220_create_categories_table',1);
INSERT INTO migrations VALUES(6,'2026_03_05_081220_create_post_tags_table',1);
INSERT INTO migrations VALUES(7,'2026_03_05_081220_create_posts_table',1);
INSERT INTO migrations VALUES(8,'2026_03_05_081220_create_tags_table',1);
INSERT INTO migrations VALUES(9,'2026_03_05_085940_create_home_features_table',1);
INSERT INTO migrations VALUES(10,'2026_03_05_085940_create_site_settings_table',1);
INSERT INTO migrations VALUES(11,'2026_03_05_085941_create_about_sections_table',1);
INSERT INTO migrations VALUES(12,'2026_03_05_085941_create_contact_messages_table',1);
INSERT INTO migrations VALUES(13,'2026_03_05_085941_create_faq_items_table',1);
INSERT INTO migrations VALUES(14,'2026_03_05_085941_create_faq_sections_table',1);
INSERT INTO migrations VALUES(15,'2026_03_05_085941_create_portfolio_project_images_table',1);
INSERT INTO migrations VALUES(16,'2026_03_05_085941_create_portfolio_projects_table',1);
INSERT INTO migrations VALUES(17,'2026_03_05_085941_create_pricing_plan_features_table',1);
INSERT INTO migrations VALUES(18,'2026_03_05_085941_create_pricing_plans_table',1);
INSERT INTO migrations VALUES(19,'2026_03_05_085941_create_team_members_table',1);
INSERT INTO migrations VALUES(20,'2026_03_05_085941_create_testimonials_table',1);
INSERT INTO migrations VALUES(21,'2026_03_05_090000_add_image_url_to_posts_table',1);
CREATE TABLE IF NOT EXISTS "users" ("id" integer primary key autoincrement not null, "name" varchar not null, "email" varchar not null, "email_verified_at" datetime, "password" varchar not null, "remember_token" varchar, "created_at" datetime, "updated_at" datetime, "role" varchar not null default 'user');
INSERT INTO users VALUES(1,'Test User','test@example.com','2026-03-05 10:47:39','$2y$12$aolZVOZwEPR96NUFRONeN.Y1Y5/rbeN65FGx.cpIEgczsSA9GcckG',NULL,'2026-03-05 10:47:39','2026-03-05 10:47:39','user');
INSERT INTO users VALUES(2,'Admin User','admin@example.com','2026-03-05 10:47:40','$2y$12$/ey01G5FL2ZPL/W9yPn7c.xJnCftEM2yj5pNge6lAz7LsOl/ZEaG6',NULL,'2026-03-05 10:47:40','2026-03-05 10:47:40','admin');
CREATE TABLE IF NOT EXISTS "password_reset_tokens" ("email" varchar not null, "token" varchar not null, "created_at" datetime, primary key ("email"));
CREATE TABLE IF NOT EXISTS "sessions" ("id" varchar not null, "user_id" integer, "ip_address" varchar, "user_agent" text, "payload" text not null, "last_activity" integer not null, primary key ("id"));
CREATE TABLE IF NOT EXISTS "cache" ("key" varchar not null, "value" text not null, "expiration" integer not null, primary key ("key"));
CREATE TABLE IF NOT EXISTS "cache_locks" ("key" varchar not null, "owner" varchar not null, "expiration" integer not null, primary key ("key"));
CREATE TABLE IF NOT EXISTS "jobs" ("id" integer primary key autoincrement not null, "queue" varchar not null, "payload" text not null, "attempts" integer not null, "reserved_at" integer, "available_at" integer not null, "created_at" integer not null);
CREATE TABLE IF NOT EXISTS "job_batches" ("id" varchar not null, "name" varchar not null, "total_jobs" integer not null, "pending_jobs" integer not null, "failed_jobs" integer not null, "failed_job_ids" text not null, "options" text, "cancelled_at" integer, "created_at" integer not null, "finished_at" integer, primary key ("id"));
CREATE TABLE IF NOT EXISTS "failed_jobs" ("id" integer primary key autoincrement not null, "uuid" varchar not null, "connection" text not null, "queue" text not null, "payload" text not null, "exception" text not null, "failed_at" datetime not null default CURRENT_TIMESTAMP);
CREATE TABLE IF NOT EXISTS "categories" ("id" integer primary key autoincrement not null, "name" varchar not null, "slug" varchar not null, "description" text, "created_at" datetime, "updated_at" datetime);
INSERT INTO categories VALUES(1,'Technology','technology','Latest technology news and trends','2026-03-05 10:47:40','2026-03-05 10:47:40');
INSERT INTO categories VALUES(2,'Web Development','web-development','Web development tutorials and best practices','2026-03-05 10:47:40','2026-03-05 10:47:40');
INSERT INTO categories VALUES(3,'Laravel','laravel','Laravel framework tutorials and tips','2026-03-05 10:47:40','2026-03-05 10:47:40');
INSERT INTO categories VALUES(4,'JavaScript','javascript','JavaScript programming and frameworks','2026-03-05 10:47:40','2026-03-05 10:47:40');
CREATE TABLE IF NOT EXISTS "post_tags" ("id" integer primary key autoincrement not null, "post_id" integer not null, "tag_id" integer not null, "created_at" datetime, "updated_at" datetime, foreign key("post_id") references "posts"("id") on delete cascade, foreign key("tag_id") references "tags"("id") on delete cascade);
INSERT INTO post_tags VALUES(1,1,2,NULL,NULL);
INSERT INTO post_tags VALUES(2,1,1,NULL,NULL);
INSERT INTO post_tags VALUES(3,1,6,NULL,NULL);
INSERT INTO post_tags VALUES(4,2,3,NULL,NULL);
INSERT INTO post_tags VALUES(5,2,8,NULL,NULL);
INSERT INTO post_tags VALUES(6,2,6,NULL,NULL);
INSERT INTO post_tags VALUES(7,3,9,NULL,NULL);
INSERT INTO post_tags VALUES(8,3,10,NULL,NULL);
INSERT INTO post_tags VALUES(9,3,11,NULL,NULL);
INSERT INTO post_tags VALUES(10,4,12,NULL,NULL);
INSERT INTO post_tags VALUES(11,4,13,NULL,NULL);
INSERT INTO post_tags VALUES(12,4,14,NULL,NULL);
INSERT INTO post_tags VALUES(13,5,4,NULL,NULL);
INSERT INTO post_tags VALUES(14,5,3,NULL,NULL);
INSERT INTO post_tags VALUES(15,5,15,NULL,NULL);
CREATE TABLE IF NOT EXISTS "posts" ("id" integer primary key autoincrement not null, "title" varchar not null, "slug" varchar not null, "content" text not null, "user_id" integer not null, "category_id" integer not null, "published_at" datetime, "created_at" datetime, "updated_at" datetime, "image_url" varchar, foreign key("user_id") references "users"("id") on delete cascade, foreign key("category_id") references "categories"("id") on delete set null);
INSERT INTO posts VALUES(1,'Getting Started with Laravel 11','getting-started-with-laravel-11',unistr('Laravel 11 brings exciting new features and improvements. In this comprehensive guide, we''ll explore the latest features and how to get started with the newest version of the popular PHP framework.\u000a\u000aLaravel 11 introduces several new features including improved performance, better developer experience, and enhanced security features. The framework continues to evolve while maintaining its elegant syntax and powerful capabilities.\u000a\u000aKey features in Laravel 11:\u000a- Improved performance with optimized routing\u000a- Enhanced security features\u000a- Better developer tooling\u000a- Improved database query optimization\u000a- New helper methods and utilities\u000a\u000aGetting started is easier than ever with Laravel''s comprehensive documentation and active community support.'),2,3,'2026-03-03 10:47:40','2026-03-05 10:47:40','2026-03-05 10:47:40','/images/blog/blog-1.jpg');
INSERT INTO posts VALUES(2,'Modern JavaScript Best Practices','modern-javascript-best-practices',unistr('JavaScript has evolved significantly over the years. This article covers the best practices for writing modern, maintainable JavaScript code.\u000a\u000aFrom ES6+ features to modern frameworks, JavaScript development has never been more exciting. Learn how to write clean, efficient, and maintainable code that scales with your application.\u000a\u000aTopics covered:\u000a- Using const and let instead of var\u000a- Arrow functions and their benefits\u000a- Template literals for string interpolation\u000a- Destructuring assignment\u000a- Async/await for asynchronous operations\u000a- Modules and import/export syntax\u000a- Best practices for error handling\u000a\u000aThese practices will help you write better JavaScript code and become a more effective developer.'),2,4,'2026-02-28 10:47:40','2026-03-05 10:47:40','2026-03-05 10:47:40','/images/blog/blog-2.jpg');
INSERT INTO posts VALUES(3,'Building Responsive Web Applications','building-responsive-web-applications',unistr('Responsive web design is crucial in today''s multi-device world. Learn how to create websites that work perfectly on all screen sizes.\u000a\u000aWith the increasing variety of devices and screen sizes, responsive design has become essential for modern web development. This guide covers everything you need to know about creating responsive websites.\u000a\u000aKey concepts:\u000a- Mobile-first approach\u000a- Flexible grid systems\u000a- Media queries\u000a- Flexible images and media\u000a- CSS Grid and Flexbox\u000a- Testing across devices\u000a\u000aMaster these techniques to create websites that provide excellent user experiences across all devices.'),2,2,'2026-02-26 10:47:40','2026-03-05 10:47:40','2026-03-05 10:47:40','/images/blog/blog-3.jpg');
INSERT INTO posts VALUES(4,'Database Optimization Techniques','database-optimization-techniques',unistr('Database performance is critical for web applications. Learn proven techniques to optimize your database queries and improve application performance.\u000a\u000aSlow database queries can significantly impact user experience and application performance. This comprehensive guide covers various optimization techniques that can dramatically improve your application''s speed.\u000a\u000aOptimization techniques:\u000a- Indexing strategies\u000a- Query optimization\u000a- Database normalization\u000a- Caching strategies\u000a- Connection pooling\u000a- Monitoring and profiling\u000a\u000aImplementing these techniques will help you build faster, more scalable applications.'),2,1,'2026-02-23 10:47:40','2026-03-05 10:47:40','2026-03-05 10:47:40','/images/blog/blog-4.jpg');
INSERT INTO posts VALUES(5,'Introduction to Vue.js 3','introduction-to-vue-js-3',unistr('Vue.js 3 brings powerful new features and improved performance. Learn how to build modern web applications with the latest version of Vue.js.\u000a\u000aVue.js continues to be one of the most popular JavaScript frameworks. Version 3 brings significant improvements and new features that make it even more powerful.\u000a\u000aNew features in Vue.js 3:\u000a- Composition API\u000a- Better TypeScript support\u000a- Improved performance\u000a- Smaller bundle sizes\u000a- Better tree-shaking\u000a- Improved developer experience\u000a\u000aThis guide will help you get started with Vue.js 3 and build modern, reactive web applications.'),2,4,'2026-02-21 10:47:40','2026-03-05 10:47:40','2026-03-05 10:47:40','/images/blog/blog-5.jpg');
CREATE TABLE IF NOT EXISTS "tags" ("id" integer primary key autoincrement not null, "name" varchar not null, "slug" varchar not null, "created_at" datetime, "updated_at" datetime);
INSERT INTO tags VALUES(1,'PHP','php','2026-03-05 10:47:40','2026-03-05 10:47:40');
INSERT INTO tags VALUES(2,'Laravel','laravel','2026-03-05 10:47:40','2026-03-05 10:47:40');
INSERT INTO tags VALUES(3,'JavaScript','javascript','2026-03-05 10:47:40','2026-03-05 10:47:40');
INSERT INTO tags VALUES(4,'Vue.js','vue-js','2026-03-05 10:47:40','2026-03-05 10:47:40');
INSERT INTO tags VALUES(5,'React','react','2026-03-05 10:47:40','2026-03-05 10:47:40');
INSERT INTO tags VALUES(6,'Tutorial','tutorial','2026-03-05 10:47:40','2026-03-05 10:47:40');
INSERT INTO tags VALUES(7,'Tips','tips','2026-03-05 10:47:40','2026-03-05 10:47:40');
INSERT INTO tags VALUES(8,'Best Practices','best-practices','2026-03-05 10:47:40','2026-03-05 10:47:40');
INSERT INTO tags VALUES(9,'Web Development','web-development','2026-03-05 10:47:40','2026-03-05 10:47:40');
INSERT INTO tags VALUES(10,'Responsive Design','responsive-design','2026-03-05 10:47:40','2026-03-05 10:47:40');
INSERT INTO tags VALUES(11,'CSS','css','2026-03-05 10:47:40','2026-03-05 10:47:40');
INSERT INTO tags VALUES(12,'Database','database','2026-03-05 10:47:40','2026-03-05 10:47:40');
INSERT INTO tags VALUES(13,'Optimization','optimization','2026-03-05 10:47:40','2026-03-05 10:47:40');
INSERT INTO tags VALUES(14,'Performance','performance','2026-03-05 10:47:40','2026-03-05 10:47:40');
INSERT INTO tags VALUES(15,'Framework','framework','2026-03-05 10:47:40','2026-03-05 10:47:40');
CREATE TABLE IF NOT EXISTS "home_features" ("id" integer primary key autoincrement not null, "title" varchar not null, "description" text, "icon" varchar, "sort_order" integer not null default '0', "is_active" tinyint(1) not null default '1', "created_at" datetime, "updated_at" datetime);
INSERT INTO home_features VALUES(1,'Fast setup','Launch quickly with a clean, modern Laravel + Bootstrap stack.','bi bi-lightning-charge',1,1,'2026-03-05 10:47:39','2026-03-05 10:47:39');
INSERT INTO home_features VALUES(2,'Responsive by default','Looks great on phones, tablets, and desktops out of the box.','bi bi-phone',2,1,'2026-03-05 10:47:39','2026-03-05 10:47:39');
INSERT INTO home_features VALUES(3,'Admin-managed content','Blog content is editable in the admin panel and rendered on the public pages.','bi bi-ui-checks',3,1,'2026-03-05 10:47:40','2026-03-05 10:47:40');
INSERT INTO home_features VALUES(4,'Scalable structure','Clear models, migrations, and seeders so the project can grow easily.','bi bi-diagram-3',4,1,'2026-03-05 10:47:40','2026-03-05 10:47:40');
CREATE TABLE IF NOT EXISTS "site_settings" ("id" integer primary key autoincrement not null, "key" varchar not null, "value" text, "created_at" datetime, "updated_at" datetime);
INSERT INTO site_settings VALUES(1,'site.company.name','Start Bootstrap','2026-03-05 10:47:39','2026-03-05 10:47:39');
INSERT INTO site_settings VALUES(2,'site.company.tagline','Modern Business','2026-03-05 10:47:39','2026-03-05 10:47:39');
INSERT INTO site_settings VALUES(3,'site.contact.email','hello@domain.com','2026-03-05 10:47:39','2026-03-05 10:47:39');
INSERT INTO site_settings VALUES(4,'site.contact.support_email','support@domain.com','2026-03-05 10:47:39','2026-03-05 10:47:39');
INSERT INTO site_settings VALUES(5,'site.contact.press_email','press@domain.com','2026-03-05 10:47:39','2026-03-05 10:47:39');
INSERT INTO site_settings VALUES(6,'site.contact.phone','+1 (555) 892-9403','2026-03-05 10:47:39','2026-03-05 10:47:39');
INSERT INTO site_settings VALUES(7,'site.contact.address','100 Main Street, Springfield, USA','2026-03-05 10:47:39','2026-03-05 10:47:39');
INSERT INTO site_settings VALUES(8,'site.socials','{"twitter":"https:\/\/twitter.com\/","facebook":"https:\/\/facebook.com\/","linkedin":"https:\/\/linkedin.com\/","youtube":"https:\/\/youtube.com\/"}','2026-03-05 10:47:39','2026-03-05 10:47:39');
INSERT INTO site_settings VALUES(9,'site.footer.copyright','Copyright © 2026 Start Bootstrap','2026-03-05 10:47:39','2026-03-05 10:47:39');
CREATE TABLE IF NOT EXISTS "about_sections" ("id" integer primary key autoincrement not null, "title" varchar not null, "body" text, "image_url" varchar, "sort_order" integer not null default '0', "is_active" tinyint(1) not null default '1', "created_at" datetime, "updated_at" datetime);
INSERT INTO about_sections VALUES(1,'Our founding','We started with a simple idea: modern websites should be easy to build, fast to launch, and pleasant to maintain. Today we help teams ship clean, responsive experiences with a solid technical foundation.','https://source.unsplash.com/600x400/?coding,team',1,1,'2026-03-05 10:47:40','2026-03-05 10:47:40');
INSERT INTO about_sections VALUES(2,'Growth & beyond','As we grew, we focused on great UX, maintainable code, and clear content structure. The result is a site that can scale — from a landing page to a full content-driven platform.','https://source.unsplash.com/600x400/?coding,growth',2,1,'2026-03-05 10:47:40','2026-03-05 10:47:40');
CREATE TABLE IF NOT EXISTS "contact_messages" ("id" integer primary key autoincrement not null, "name" varchar not null, "email" varchar not null, "phone" varchar, "message" text not null, "status" varchar not null default 'new', "created_at" datetime, "updated_at" datetime);
CREATE TABLE IF NOT EXISTS "faq_items" ("id" integer primary key autoincrement not null, "faq_section_id" integer not null, "question" varchar not null, "answer" text not null, "sort_order" integer not null default '0', "is_active" tinyint(1) not null default '1', "created_at" datetime, "updated_at" datetime, foreign key("faq_section_id") references "faq_sections"("id") on delete cascade);
INSERT INTO faq_items VALUES(1,1,'How do I change my password?','Go to your profile page and use the “Update Password” form.',1,1,'2026-03-05 10:47:40','2026-03-05 10:47:40');
INSERT INTO faq_items VALUES(2,1,'Can I cancel anytime?','Yes. You can change or cancel your plan at any time from your account settings.',2,1,'2026-03-05 10:47:40','2026-03-05 10:47:40');
INSERT INTO faq_items VALUES(3,1,'Do you offer refunds?','If you were charged by mistake, contact support and we will help you right away.',3,1,'2026-03-05 10:47:40','2026-03-05 10:47:40');
INSERT INTO faq_items VALUES(4,2,'The site looks broken on my phone. What do I do?','Try refreshing the page, then clear browser cache. If the issue persists, contact support.',1,1,'2026-03-05 10:47:40','2026-03-05 10:47:40');
INSERT INTO faq_items VALUES(5,2,'I found a bug. Where can I report it?','Use the contact form to send us details and screenshots — we will respond quickly.',2,1,'2026-03-05 10:47:40','2026-03-05 10:47:40');
INSERT INTO faq_items VALUES(6,2,'Why is my page loading slowly?','Performance depends on network and device. We recommend checking your connection and trying again.',3,1,'2026-03-05 10:47:40','2026-03-05 10:47:40');
CREATE TABLE IF NOT EXISTS "faq_sections" ("id" integer primary key autoincrement not null, "title" varchar not null, "sort_order" integer not null default '0', "is_active" tinyint(1) not null default '1', "created_at" datetime, "updated_at" datetime);
INSERT INTO faq_sections VALUES(1,'Account & Billing',1,1,'2026-03-05 10:47:40','2026-03-05 10:47:40');
INSERT INTO faq_sections VALUES(2,'Website Issues',2,1,'2026-03-05 10:47:40','2026-03-05 10:47:40');
CREATE TABLE IF NOT EXISTS "portfolio_project_images" ("id" integer primary key autoincrement not null, "portfolio_project_id" integer not null, "image_url" varchar not null, "caption" varchar, "sort_order" integer not null default '0', "created_at" datetime, "updated_at" datetime, foreign key("portfolio_project_id") references "portfolio_projects"("id") on delete cascade);
INSERT INTO portfolio_project_images VALUES(1,1,'https://source.unsplash.com/600x400/?code,ecommerce','Product listing UX',1,'2026-03-05 10:47:40','2026-03-05 10:47:40');
INSERT INTO portfolio_project_images VALUES(2,1,'https://source.unsplash.com/600x400/?code,checkout','Checkout improvements',2,'2026-03-05 10:47:40','2026-03-05 10:47:40');
INSERT INTO portfolio_project_images VALUES(3,2,'https://source.unsplash.com/600x400/?hero,section','Hero section',1,'2026-03-05 10:47:40','2026-03-05 10:47:40');
INSERT INTO portfolio_project_images VALUES(4,2,'https://source.unsplash.com/600x400/?pricing','Pricing section',2,'2026-03-05 10:47:40','2026-03-05 10:47:40');
INSERT INTO portfolio_project_images VALUES(5,3,'https://source.unsplash.com/600x400/?code,projects','Projects grid',1,'2026-03-05 10:47:40','2026-03-05 10:47:40');
INSERT INTO portfolio_project_images VALUES(6,3,'https://source.unsplash.com/600x400/?code,details','Project details',2,'2026-03-05 10:47:40','2026-03-05 10:47:40');
INSERT INTO portfolio_project_images VALUES(7,4,'https://source.unsplash.com/600x400/?code,dashboard','Admin dashboard',1,'2026-03-05 10:47:40','2026-03-05 10:47:40');
INSERT INTO portfolio_project_images VALUES(8,4,'https://source.unsplash.com/600x400/?code,blog','Blog page',2,'2026-03-05 10:47:40','2026-03-05 10:47:40');
CREATE TABLE IF NOT EXISTS "portfolio_projects" ("id" integer primary key autoincrement not null, "title" varchar not null, "slug" varchar not null, "excerpt" text, "description" text, "hero_image_url" varchar, "project_url" varchar, "client" varchar, "started_at" date, "finished_at" date, "is_featured" tinyint(1) not null default '0', "sort_order" integer not null default '0', "is_active" tinyint(1) not null default '1', "created_at" datetime, "updated_at" datetime);
INSERT INTO portfolio_projects VALUES(1,'E-commerce Redesign','ecommerce-redesign','A modern storefront refresh with improved conversion and mobile UX.','We redesigned a legacy e-commerce site into a clean, responsive experience. The new layout improves browsing, checkout flow, and content clarity across devices.','https://source.unsplash.com/1300x700/?code,ecommerce','https://example.com','Acme Retail','2025-11-05 00:00:00','2026-01-05 00:00:00',1,1,1,'2026-03-05 10:47:40','2026-03-05 10:47:40');
INSERT INTO portfolio_projects VALUES(2,'SaaS Landing Page','saas-landing-page','High-performance marketing page optimized for speed and clarity.','A focused landing page with clear messaging, pricing, and lead capture. Built with reusable sections and clean structure for future expansion.','https://source.unsplash.com/1300x700/?code,saas','https://example.com','Nova Studio','2025-12-05 00:00:00','2025-12-19 00:00:00',0,2,1,'2026-03-05 10:47:40','2026-03-05 10:47:40');
INSERT INTO portfolio_projects VALUES(3,'Portfolio Website','portfolio-website','A clean portfolio layout for showcasing projects and blog content.','A structured portfolio site with dynamic projects and a blog section. Easy to maintain, fast to load, and responsive across devices.','https://source.unsplash.com/1300x700/?code,portfolio','https://example.com','Freelance','2026-01-05 00:00:00','2026-02-05 00:00:00',0,3,1,'2026-03-05 10:47:40','2026-03-05 10:47:40');
INSERT INTO portfolio_projects VALUES(4,'Company Blog & CMS','company-blog-cms','A content-driven blog with categories, tags, and admin management.','A blog foundation with admin CRUD for posts, categories, and tags, plus public listing and post pages.','https://source.unsplash.com/1300x700/?code,blog','https://example.com','Internal','2026-02-05 00:00:00','2026-02-19 00:00:00',0,4,1,'2026-03-05 10:47:40','2026-03-05 10:47:40');
CREATE TABLE IF NOT EXISTS "pricing_plan_features" ("id" integer primary key autoincrement not null, "pricing_plan_id" integer not null, "feature" varchar not null, "is_included" tinyint(1) not null default '1', "sort_order" integer not null default '0', "created_at" datetime, "updated_at" datetime, foreign key("pricing_plan_id") references "pricing_plans"("id") on delete cascade);
INSERT INTO pricing_plan_features VALUES(1,1,'1 user',1,1,'2026-03-05 10:47:40','2026-03-05 10:47:40');
INSERT INTO pricing_plan_features VALUES(2,1,'5GB storage',1,2,'2026-03-05 10:47:40','2026-03-05 10:47:40');
INSERT INTO pricing_plan_features VALUES(3,1,'Unlimited public projects',1,3,'2026-03-05 10:47:40','2026-03-05 10:47:40');
INSERT INTO pricing_plan_features VALUES(4,1,'Community access',1,4,'2026-03-05 10:47:40','2026-03-05 10:47:40');
INSERT INTO pricing_plan_features VALUES(5,1,'Unlimited private projects',0,5,'2026-03-05 10:47:40','2026-03-05 10:47:40');
INSERT INTO pricing_plan_features VALUES(6,1,'Dedicated support',0,6,'2026-03-05 10:47:40','2026-03-05 10:47:40');
INSERT INTO pricing_plan_features VALUES(7,1,'Free linked domain',0,7,'2026-03-05 10:47:40','2026-03-05 10:47:40');
INSERT INTO pricing_plan_features VALUES(8,1,'Monthly status reports',0,8,'2026-03-05 10:47:40','2026-03-05 10:47:40');
INSERT INTO pricing_plan_features VALUES(9,2,'5 users',1,1,'2026-03-05 10:47:40','2026-03-05 10:47:40');
INSERT INTO pricing_plan_features VALUES(10,2,'5GB storage',1,2,'2026-03-05 10:47:40','2026-03-05 10:47:40');
INSERT INTO pricing_plan_features VALUES(11,2,'Unlimited public projects',1,3,'2026-03-05 10:47:40','2026-03-05 10:47:40');
INSERT INTO pricing_plan_features VALUES(12,2,'Community access',1,4,'2026-03-05 10:47:40','2026-03-05 10:47:40');
INSERT INTO pricing_plan_features VALUES(13,2,'Unlimited private projects',1,5,'2026-03-05 10:47:40','2026-03-05 10:47:40');
INSERT INTO pricing_plan_features VALUES(14,2,'Dedicated support',1,6,'2026-03-05 10:47:40','2026-03-05 10:47:40');
INSERT INTO pricing_plan_features VALUES(15,2,'Free linked domain',1,7,'2026-03-05 10:47:40','2026-03-05 10:47:40');
INSERT INTO pricing_plan_features VALUES(16,2,'Monthly status reports',0,8,'2026-03-05 10:47:40','2026-03-05 10:47:40');
INSERT INTO pricing_plan_features VALUES(17,3,'Unlimited users',1,1,'2026-03-05 10:47:40','2026-03-05 10:47:40');
INSERT INTO pricing_plan_features VALUES(18,3,'5GB storage',1,2,'2026-03-05 10:47:40','2026-03-05 10:47:40');
INSERT INTO pricing_plan_features VALUES(19,3,'Unlimited public projects',1,3,'2026-03-05 10:47:40','2026-03-05 10:47:40');
INSERT INTO pricing_plan_features VALUES(20,3,'Community access',1,4,'2026-03-05 10:47:40','2026-03-05 10:47:40');
INSERT INTO pricing_plan_features VALUES(21,3,'Unlimited private projects',1,5,'2026-03-05 10:47:40','2026-03-05 10:47:40');
INSERT INTO pricing_plan_features VALUES(22,3,'Dedicated support',1,6,'2026-03-05 10:47:40','2026-03-05 10:47:40');
INSERT INTO pricing_plan_features VALUES(23,3,'Unlimited linked domains',1,7,'2026-03-05 10:47:40','2026-03-05 10:47:40');
INSERT INTO pricing_plan_features VALUES(24,3,'Monthly status reports',1,8,'2026-03-05 10:47:40','2026-03-05 10:47:40');
CREATE TABLE IF NOT EXISTS "pricing_plans" ("id" integer primary key autoincrement not null, "name" varchar not null, "slug" varchar not null, "badge" varchar, "price_cents" integer not null default '0', "currency" varchar not null default 'USD', "billing_period" varchar not null default 'mo', "is_featured" tinyint(1) not null default '0', "cta_text" varchar not null default 'Choose plan', "cta_url" varchar, "sort_order" integer not null default '0', "is_active" tinyint(1) not null default '1', "created_at" datetime, "updated_at" datetime);
INSERT INTO pricing_plans VALUES(1,'Free','free',NULL,0,'USD','mo',0,'Choose plan',NULL,1,1,'2026-03-05 10:47:40','2026-03-05 10:47:40');
INSERT INTO pricing_plans VALUES(2,'Pro','pro','Popular',900,'USD','mo',1,'Choose plan',NULL,2,1,'2026-03-05 10:47:40','2026-03-05 10:47:40');
INSERT INTO pricing_plans VALUES(3,'Enterprise','enterprise',NULL,4900,'USD','mo',0,'Choose plan',NULL,3,1,'2026-03-05 10:47:40','2026-03-05 10:47:40');
CREATE TABLE IF NOT EXISTS "team_members" ("id" integer primary key autoincrement not null, "name" varchar not null, "role" varchar, "avatar_url" varchar, "sort_order" integer not null default '0', "is_active" tinyint(1) not null default '1', "created_at" datetime, "updated_at" datetime);
INSERT INTO team_members VALUES(1,'Ibbie Eckart','Founder & CEO','/images/adminlte/user2-160x160.jpg',1,1,'2026-03-05 10:47:40','2026-03-05 10:50:40');
INSERT INTO team_members VALUES(2,'Arden Vasek','CFO','/images/adminlte/user4-128x128.jpg',2,1,'2026-03-05 10:47:40','2026-03-05 10:50:40');
INSERT INTO team_members VALUES(3,'Toribio Nerthus','Operations Manager','/images/adminlte/user2-160x160.jpg',3,1,'2026-03-05 10:47:40','2026-03-05 10:50:40');
INSERT INTO team_members VALUES(4,'Malvina Cilla','CTO','/images/adminlte/user4-128x128.jpg',4,1,'2026-03-05 10:47:40','2026-03-05 10:50:40');
CREATE TABLE IF NOT EXISTS "testimonials" ("id" integer primary key autoincrement not null, "name" varchar not null, "role" varchar, "company" varchar, "quote" text not null, "avatar_url" varchar, "sort_order" integer not null default '0', "is_active" tinyint(1) not null default '1', "created_at" datetime, "updated_at" datetime);
INSERT INTO testimonials VALUES(1,'Tom Ato','CEO','Pomodoro','Working with this template saved us tons of development time. Clean structure, fast pages, and easy to extend.','/images/adminlte/user2-160x160.jpg',1,1,'2026-03-05 10:47:40','2026-03-05 10:49:21');
INSERT INTO testimonials VALUES(2,'Evelyn Martinez','Product Lead','Nova Studio','Great UX, clear content blocks, and everything is ready for real data.','/images/adminlte/user4-128x128.jpg',2,1,'2026-03-05 10:47:40','2026-03-05 10:49:21');
INSERT INTO sqlite_sequence VALUES('migrations',21);
INSERT INTO sqlite_sequence VALUES('users',2);
INSERT INTO sqlite_sequence VALUES('site_settings',9);
INSERT INTO sqlite_sequence VALUES('home_features',4);
INSERT INTO sqlite_sequence VALUES('testimonials',2);
INSERT INTO sqlite_sequence VALUES('pricing_plans',3);
INSERT INTO sqlite_sequence VALUES('pricing_plan_features',24);
INSERT INTO sqlite_sequence VALUES('faq_sections',2);
INSERT INTO sqlite_sequence VALUES('faq_items',6);
INSERT INTO sqlite_sequence VALUES('about_sections',2);
INSERT INTO sqlite_sequence VALUES('team_members',4);
INSERT INTO sqlite_sequence VALUES('portfolio_projects',4);
INSERT INTO sqlite_sequence VALUES('portfolio_project_images',8);
INSERT INTO sqlite_sequence VALUES('categories',4);
INSERT INTO sqlite_sequence VALUES('tags',15);
INSERT INTO sqlite_sequence VALUES('posts',5);
INSERT INTO sqlite_sequence VALUES('post_tags',15);
CREATE UNIQUE INDEX "users_email_unique" on "users" ("email");
CREATE INDEX "sessions_user_id_index" on "sessions" ("user_id");
CREATE INDEX "sessions_last_activity_index" on "sessions" ("last_activity");
CREATE INDEX "cache_expiration_index" on "cache" ("expiration");
CREATE INDEX "cache_locks_expiration_index" on "cache_locks" ("expiration");
CREATE INDEX "jobs_queue_index" on "jobs" ("queue");
CREATE UNIQUE INDEX "failed_jobs_uuid_unique" on "failed_jobs" ("uuid");
CREATE INDEX "users_role_index" on "users" ("role");
CREATE UNIQUE INDEX "categories_name_unique" on "categories" ("name");
CREATE UNIQUE INDEX "categories_slug_unique" on "categories" ("slug");
CREATE UNIQUE INDEX "post_tags_post_id_tag_id_unique" on "post_tags" ("post_id", "tag_id");
CREATE UNIQUE INDEX "posts_slug_unique" on "posts" ("slug");
CREATE UNIQUE INDEX "tags_name_unique" on "tags" ("name");
CREATE UNIQUE INDEX "tags_slug_unique" on "tags" ("slug");
CREATE INDEX "home_features_sort_order_index" on "home_features" ("sort_order");
CREATE INDEX "home_features_is_active_index" on "home_features" ("is_active");
CREATE UNIQUE INDEX "site_settings_key_unique" on "site_settings" ("key");
CREATE INDEX "about_sections_sort_order_index" on "about_sections" ("sort_order");
CREATE INDEX "about_sections_is_active_index" on "about_sections" ("is_active");
CREATE INDEX "contact_messages_status_index" on "contact_messages" ("status");
CREATE INDEX "faq_items_sort_order_index" on "faq_items" ("sort_order");
CREATE INDEX "faq_items_is_active_index" on "faq_items" ("is_active");
CREATE INDEX "faq_sections_sort_order_index" on "faq_sections" ("sort_order");
CREATE INDEX "faq_sections_is_active_index" on "faq_sections" ("is_active");
CREATE INDEX "portfolio_project_images_sort_order_index" on "portfolio_project_images" ("sort_order");
CREATE UNIQUE INDEX "portfolio_projects_slug_unique" on "portfolio_projects" ("slug");
CREATE INDEX "portfolio_projects_is_featured_index" on "portfolio_projects" ("is_featured");
CREATE INDEX "portfolio_projects_sort_order_index" on "portfolio_projects" ("sort_order");
CREATE INDEX "portfolio_projects_is_active_index" on "portfolio_projects" ("is_active");
CREATE INDEX "pricing_plan_features_sort_order_index" on "pricing_plan_features" ("sort_order");
CREATE UNIQUE INDEX "pricing_plans_slug_unique" on "pricing_plans" ("slug");
CREATE INDEX "pricing_plans_is_featured_index" on "pricing_plans" ("is_featured");
CREATE INDEX "pricing_plans_sort_order_index" on "pricing_plans" ("sort_order");
CREATE INDEX "pricing_plans_is_active_index" on "pricing_plans" ("is_active");
CREATE INDEX "team_members_sort_order_index" on "team_members" ("sort_order");
CREATE INDEX "team_members_is_active_index" on "team_members" ("is_active");
CREATE INDEX "testimonials_sort_order_index" on "testimonials" ("sort_order");
CREATE INDEX "testimonials_is_active_index" on "testimonials" ("is_active");
COMMIT;
